metric,identifier,latency_ms
consensus_latency,Hvk0kQuaRGZKxpRetlGoAdVwQoxldozTJl8uBDEYw9M=,167775.0
consensus_latency,zjeG2rzcHcSdtCLTuxGyQzd0rDTpzrrAtFDjS9vnl/Y=,167775.0
consensus_latency,lFEP6QPU9yyrL6+keD/nqYW0mTryqxZA0GXrXGWd9Lg=,167461.0
consensus_latency,79TJsjVmjvfPwvrZbBn1Rh6plKSLGiIAY9Xpc90NwrY=,167323.0
consensus_latency,kz3VARgQy2JzovMFK9k/osG3Mjv1rPOgdHF1fbSYTZ0=,166965.0
consensus_latency,PdPDCvSW7Rq6ur1q0LiDV3ICMHW/+xQL3QdFeumlpYo=,167279.0
consensus_latency,+wYf0Os8nMVq2b3CjwdpwsrXvNOpM5BS+elZVCzJhTI=,167400.0
consensus_latency,CAx09vtnD+tNk7s063odomqdAcGe7jKRbUvTVP+Kc3c=,167052.0
consensus_latency,EahkhRi13IjhmjkuJ2J3q9VFx5pS4kX5nN8glAhYGZU=,167052.0
consensus_latency,HJQrovucTTaqTuFxq+/krBik/NbZ9YeHgECixeqpP0s=,167052.0
consensus_latency,OVefhAZweIV1tD6EciMHqiLCalBfRosh3zIHnwEUH2o=,167052.0
consensus_latency,RRN7BjGQdhGCAaMWr3sIWgeQOyi148m9/kWuWOSGlkQ=,167052.0
consensus_latency,TGObd0wf9SNaB7uZwJK6M9UyWyPAUOqma2vLLDM8DJQ=,167052.0
consensus_latency,XAx8aH101TpPhL3PjrdruddA+wc/B/AuKnMZQi3+H5M=,167052.0
consensus_latency,Y7r7mx3wIrTS2r8J1TkpUeGaf5XzAdit6ZtMY8P/MG0=,167052.0
consensus_latency,bafcXFBFtqCR+l87I0GvaGsjclotOcf+837GHLDf7+s=,167052.0
consensus_latency,c8KwqhOuTqWxHPqQEBCp5sfFEpayl4AwynFBBdmG5Xc=,167052.0
consensus_latency,iuyS0Rd5UaIuHMJ3mVdSNrLmrLL7TcpPd8x0ZOs+r/0=,167052.0
consensus_latency,kOSYxoE0tOOEacCUylvOo0TY4VPmNRDkHVjuV4a7lK8=,167052.0
consensus_latency,ws4/8rfOOiemTRwb6wMVYvbrLHTPrO3UDYn9silCreI=,167052.0
consensus_latency,yw1O7VJE2CLzeQaTXtgINHbXwmQjruyg46WksNdhrYc=,167052.0
consensus_latency,56jD77qX9g0HbrlMcVfx5XDPr0SjFVue82ZoYuJeNtI=,167052.0
consensus_latency,p7IoWUOLl894vlMN34qR4RTKNLAG2XlPdst/5sjOEes=,167049.0
consensus_latency,1wr9/eJA8hBPJiXpwX8eeHJYq9Tb2qq4ovhnzyDYQgQ=,167049.0
consensus_latency,JEx65Y1EYL5HeTpEvItWWZvfOBln2AAjsO1VjwKREYE=,167115.0
consensus_latency,KUy+P9grf92d7DY08b2j8QN5eKeTRwcQ4Pnri4dySFU=,167113.0
consensus_latency,U3FjfjOTzzpncFqrbEjnLIZUlying5dsr2UzB2CY6Uw=,167113.0
consensus_latency,br8Dvg0Frg/UpYqgKGIPEKrFqJxTGG1SNFcjazD1bI0=,167113.0
consensus_latency,cd3HXEIWFac0SwoJ3FFcFthcztUwzt/PEml+E8cM6Os=,167113.0
consensus_latency,d1oy2arL5q2fLzF2S/wYctGFX/AqHhLCxWE1EpkT99I=,167113.0
consensus_latency,ic7Ppi8+NVE24rBYoM2hD1TOcvkas0XpGSk/SE8EVWk=,167113.0
consensus_latency,qHomxBinysX3MuSlA/GNcLr6AX069+PEhEx4cGmL/mg=,167112.0
consensus_latency,uV/ISKODP3Nnf1zT3mGwa0CtJyjC9mULqWjggd4ZPvQ=,167112.0
consensus_latency,uqKEHMWW2Tf9Y5W5DE+4dRzDedY5NgouBPSt1tD6uMo=,167112.0
consensus_latency,wK/Xp5Fs/L//ZrQDfBYy4JzLMD8hQoZbGb1axiU8tBc=,167112.0
consensus_latency,2v/BGSjC/7jFYxorigbdOszokPdFJmLNQUKnwTX03Zw=,167112.0
consensus_latency,7w1nNZ9b5gc0oy9cxwA8jM5ZEOSbXtt6QhberbbpKck=,167112.0
consensus_latency,EjJRgYCDMz7daqS5pH7sej/AOsurASa/i2AzXG1RoA4=,167649.0
consensus_latency,XwN2zXahde0IB1rt5/k/5Qum8AFyFT3SZ9/vilrphx0=,167649.0
consensus_latency,ki9i5tWRA1rTWhzn7u7utoCtTr8dwwjuzl8dXtijjJA=,167649.0
consensus_latency,s2Gu/7n8pghv3/xJuNTWb2GpFj6tABoF4fll7lqI3ho=,167649.0
consensus_latency,xS2eoRWrx0801ZafZ3Nu5g0ED6GtksovHxZcBWSRl10=,167649.0
consensus_latency,5N1BjorNjIfGOwcQFEXrLTXAb772v6hd+6ihTsfiSVI=,167649.0
consensus_latency,7NMAs3H5ECYt0AvdYAf9JYXpx24D2tbLrewTqcT2YFE=,167649.0
consensus_latency,HwIeI6w2WbSdXNRbHy764zzoAPrwpZwuaS1aQoxWcos=,167628.0
consensus_latency,VePGTD5l1fOlwVMzWTzPHh5inCLejQq7HSWyb4a2F4Q=,167628.0
consensus_latency,rgSMHs177U4SQlyIYez8aPeFBjaQS9PN3BZik51ZYMg=,167628.0
consensus_latency,v00OkHiPtR/0YGJfpk2Mrxlzi5YFr8eTLmvrzqbD2k0=,167628.0
consensus_latency,zHi9n/PRmxEcjwveBxCMtrr7B8NMqeBnP1t9oBkh01o=,167628.0
consensus_latency,1g1OFFjVhMUxnRi1IXj1b3g25Osw05+cl1azIyXQeeI=,167628.0
consensus_latency,J6FFa0fvcqn86xc20Du4e6Flns/2XxZNKVqxPNiPurY=,167644.0
consensus_latency,X9j+f1AZLix8sgZzK9Z4MR/H5TPbQR+xkqDqTrVRo50=,167644.0
consensus_latency,dZdjbBxDccv5m+p07FApPGP3LilGWfwQRlMlSOBJWtg=,167644.0
consensus_latency,eORV5H0bDyrMhybk9jlCZpF4XSqBaa2yQg2sTlN8AiQ=,167644.0
consensus_latency,e7g9zl18LxBowazm6wbOuvhBd+TwS72W8PmAO2qI8j4=,167644.0
consensus_latency,hvXGDcrmVOo5Clmu25gLUO0UIiBNRh5JyalV6DrqIbI=,167644.0
consensus_latency,9yLAYE4xMjmEhAF215hgHp5FABKaKNzZtVGTnjGarog=,167644.0
consensus_latency,IvPRmQlwG07Jc9lfJcVypfA5BBXuXvIj1ZgQwzzfbMc=,167646.0
consensus_latency,T4dpSdzp6lEKfmydOYzABfKGkpEr41huKuBl1pLSn3E=,167646.0
consensus_latency,bTe2Q1NxQ+kEizsZyOmh9eXX3r4rtXCUUH7zXxdc3X0=,167646.0
consensus_latency,fV8idHWue71xrTyGCS5ecweY0kzhyNKw0lbIm/3rJKs=,167646.0
consensus_latency,thm5Vonnk5GHXv6+yBSSGmmljJ7JSSGYvQwGLEUQFZs=,167646.0
consensus_latency,tqJf1tHfroPUWlD4leMmKKn99g6hspwFA/BRHHaqKSY=,167646.0
consensus_latency,DprSMx9TWS5U6oSNMZJZbkDwRg30+wYwmd1tJuERzL0=,167659.0
consensus_latency,ml2gLPbzftQntm4e6WWfrar1ccUDG1UACaqJ0+axIDU=,167658.0
consensus_latency,vzU75uOE7PnY7Xt8nSkc1V2IGf4V7/fU+4KSwnk/hOE=,167658.0
consensus_latency,8OCDfV7RSIiAqbFFTNdeIyJoBo/S9EdhwsXV7fx3MW0=,167658.0
consensus_latency,A9QdZivFtswzrp4ZWoNMbjUIROh5s9J97AFKZ2fnYs4=,167622.0
consensus_latency,C4DynQl3UwBMzrmCm7ApZGbK/0Q1SxKsTDyDWoCRx0M=,167622.0
consensus_latency,Dz/aTdnRpVy1wg0/FSzLngcZ9QTbptxBBW/Xef0DYwE=,167622.0
consensus_latency,ElIHpxgLLePpKwZR4LM77fXV8fRP0gPbLYqDAfk4WgI=,167622.0
consensus_latency,rqi01mNf2xNnYSsYRqmPrDX6NB3xA5aP3NsIsG9lYYc=,167622.0
consensus_latency,yyZLd8SPSvViEXzUn9qP1cFa1TzCbZfQ1+FVrVi9dOI=,167622.0
consensus_latency,18UG8nwcLV6B6O9b6mYMUAf+BsCOcNrv/H3homz/W6g=,167622.0
consensus_latency,3oQkDWyENJ9HVy4GBYmlttBFcsQd5/JkhAVulW6FQao=,167622.0
consensus_latency,ExZ1d47kMSV7qsBxj+rl/YxNpg9UsITmewR9dGEC1XQ=,167640.0
consensus_latency,UcyiCEVC/n7DZKy9j90ANRi8afZqctmoufrUdipDkEg=,167640.0
consensus_latency,VEbCI3ljPD+YEgfCd9tr/TlhzH35v+cA3PIZkDFlTNM=,167640.0
consensus_latency,cqh/NqTwVYJn6LRFXsBNL11nCIpJIbaatr3vzKB7Gyc=,167640.0
consensus_latency,vK2yvKVYpODh+2EzbaMAVm41hTTnVJOO2d0x8zIxGOs=,167640.0
consensus_latency,yVU1oSMDqx9/nQcT2UzTKmVEnYevBeFwbvv74Rj3xQs=,167641.0
consensus_latency,2jgrPHdQUL72H3Okml7TxbknoBDFGkOMg+t8r6AYj4E=,167641.0
consensus_latency,F190+JiDwXfYrf73lO3kbBBqKg6b8eOesYcf9eUSrM4=,167541.0
consensus_latency,IHV/twgoyQYZ+3nWk3cN6SsmqoIHrsM0A5R3cBBxXiI=,167541.0
consensus_latency,Ozx7GqCLK1k1nMWA8HwxIXBOSEJwMsIwKr30BayQTBQ=,167541.0
consensus_latency,QshjEIOACpOQ+tp6FKz0XIXKAkeeAUM3qhzEBDToOvI=,167541.0
consensus_latency,REkWOudQigAKJlUZNEgU+iQrXie9KQTAXTVEtuE79NI=,167541.0
consensus_latency,XjieC2I0EGhpKJh/3Qq8kQZaPE3up6tUIqN3Z5skBY0=,167541.0
consensus_latency,YkgdPyqnW3BwfS2tlXPgsU+EEhqErjbFSmvaJ0RBbgs=,167541.0
consensus_latency,f6CCTaQCZZUO6SgpjcO1TIGTG18o1WcKg5jdLhCJ6+Q=,167541.0
consensus_latency,N1jI6boXmSblTr5IgncEyLbH8Wd1vsJ0G4MEfVfrvhc=,167656.0
consensus_latency,Uee/TJ5v2j1BpsRyxEBt+6sO8JsbQ90NZRj9t5W/JgQ=,167656.0
consensus_latency,XlqjQK6R2qCmCigN4QG8XQmIahQy1mUuPHPX3/Quzac=,167656.0
consensus_latency,dbmxORiu8sr5A0YapNl+hQBHDHtYFnz3GS7Im75eRrg=,167656.0
consensus_latency,lrRr04gATugyQ3in7WDx9W2njBd6H/SxQFxjPCLbzB0=,167656.0
consensus_latency,qB52uC/jsvtzhVHyUxaYC/U6rsANtIUgz2hqdvDo+SE=,167656.0
consensus_latency,xt6FYntLqXrk8u8JmtOMMoRuByxIRH8oQE3mUefUTYY=,167656.0
consensus_latency,BOvkYrm5L2Mm5ZEEfA+S9Jeoz0FM5nEYdmwHLI8ClWw=,167572.0
consensus_latency,BsD5Ptau+y3frn7X+RTNM7HK4OKeP4UGhx4MnS6bbJc=,167572.0
consensus_latency,YV2A2948z7alpFZyZ3TBM5+p7rnYGJaux3kpAo2btpQ=,167572.0
consensus_latency,cDNiXZKgZbcnFMYNU/Dk/I9QpcroNTHW1ZoUe6OftoM=,167572.0
consensus_latency,lpyxw7JJZ12vfoHX3Ln7oIV+qFUo+X7Otlwtqo+vsjk=,167572.0
consensus_latency,oZCLc0M0qBRVHT8ZGS4GY3gQbK6NCVRmSsszO3u99X8=,167572.0
consensus_latency,o9KfnxhQnLHZjFwk3j+gtGdOwDXesPwL3rBVzlL8BwA=,167572.0
consensus_latency,CZXjczsjwjwEIzbhosT+Zxf/GMd3QLhjR2gemLSUh6o=,167638.0
consensus_latency,F1PLwWxgLxQUICmg7OUHw0u6n4Owm9gnY4HJMSDJLnk=,167638.0
consensus_latency,QkgBS5eF2hgCU1ZrdlpXO6gi2SBKzF+zR1gjXrK4CDk=,167638.0
consensus_latency,ocNUAlXxEqxjXRTYBO28R7daXxTtwVzW1xIZ84NJa0I=,167638.0
consensus_latency,qL7IrCsSKKFRlp4AdAr6TRjm/Bfd/w/QTlXjN5VwxGY=,167638.0
consensus_latency,D2xazZRYRL4RCm7OJoURJ0Upm0VtUDA6XfDhrCVkoKE=,167640.0
consensus_latency,JapDdPmFJNT5LhmwzfokUUHsDXZRpwzpGI+9j6vpFzM=,167640.0
consensus_latency,LEN96d8uC78nwZA2LvQ5orwMBS8jD8GbW3o0ETvuOYw=,167640.0
consensus_latency,iWVH0Ys6Wj98EIfCmcQJU0zrw+7WMq85oTx8oJvI7rk=,167640.0
consensus_latency,kxTEpEdp4UFoa0TAQlN8+YKbSnB6uYSMaK+PAj1cPso=,167640.0
consensus_latency,95eM+WMW785bxK8IoZVvrs5U8weEVLUh+ju3bMXG4dU=,167640.0
consensus_latency,YNyDHF2QYMFY2clcxsPUpMJP+c5CRQiIvySVheaAGss=,167623.0
consensus_latency,ktgP+5SUEmWHFnR1BhKWdZwqVXD3rBZBrFpEvjja2VM=,167623.0
consensus_latency,lhQrUx4RIOAHx6B5bUKToq0In/4+NXWBMJEYTSAfcVo=,167623.0
consensus_latency,0/R03VBdbnp66Hg2m6EsxXfoJl9uXxVfYjnNnECC2LI=,167623.0
consensus_latency,9zYdHNGwO4cZtR2dAdb4KKGVwXJAWD47FOPfJvNjgPI=,167623.0
consensus_latency,Po9piyy5cOQTPdkGCcT3Srt6I/743qCmKuNv00rwhnU=,167657.0
consensus_latency,ezv7qMPs++cHlwPgYI+uEi4RdG/FnCEw/OghGidyORw=,167657.0
consensus_latency,hv7lfGaqOJ/ZOXw04ITG/xdzGskqCH8GKetRpvkV3fk=,167657.0
consensus_latency,qv67rjDveSLbTbsT63HtER1l13MbSfhb9azukdUa9Ow=,167657.0
consensus_latency,1l8bzfYhJY8UMjyoM5KvnQtCQYD14+VeHH1Ck8QXvFY=,167657.0
consensus_latency,8fxFS06qynsuT4KdKw33A9NhAbTzeVf0huWKTM2lmg4=,167657.0
consensus_latency,G52/X7/uXIh0PMZ/QZ2By1QFCDZHAfNhakWpQAoAkoM=,167607.0
consensus_latency,mBktZhVC54KKR04FIg5E3dwqw3pqu43/mVWl3QPsm0o=,167607.0
consensus_latency,y2ehQOhY4wCLK7JQAPLltreujebV/zK1flspX1U00og=,167607.0
consensus_latency,2cCyluFyPNbJSUbBvys3d3VRl7q0kx2aZxyXDJ9mPBM=,167607.0
consensus_latency,Keri8pWTlOdYgjMGjRzFr5EvPrsQ2bnYebKWPmGh8AM=,167641.0
consensus_latency,YKTwVPPIF8PLbQQ17I9CREkF8CjpYWe1cFYR6X16N6M=,167641.0
consensus_latency,lQH/OHxbI2+P5KyZhgX/wg/6wfk0wT3uYs3BrPqfYyQ=,167640.0
consensus_latency,vzVAQJ6PH+2XVjyUjE2WthAEej8yQTMJ43RnqKWCQyw=,167640.0
consensus_latency,wQiRNxoK4e4FT3NgBG3MxB7tFMJQkjhaUjMqYic9atY=,167640.0
consensus_latency,CRpuGK+L+8Ur5CiEza4alv/W7J5OkuNWroMqzFB2teM=,166942.0
consensus_latency,MXI5B9/VvJtjv2fhaV5oGSAOLDaNpdNRoO7Xpps3sy4=,166942.0
consensus_latency,PtwhNbYphk5s6QaSXsBTod4CHXU9deaatkBk8aJj7MA=,166942.0
consensus_latency,QV1X0sEM7t/QMJpR1HY8lRwcsSB22iyvwDGPRMPoYLs=,166942.0
consensus_latency,VQ7Fe7vWzr3/QstZfLVkIg6+ImurhxM82pXbk0OE0xk=,166942.0
consensus_latency,Vto6a3uEWr2Dq8v4PwjMzfsu5foXLreNFWQ2M3m14H4=,166942.0
consensus_latency,eL9whKRUfEJOrh1b+4no8dnK89zaUf2vZ5+/0qdLayI=,166942.0
consensus_latency,iRdkzzCgxklarGqGLIBr+/Wd70sX97CV3v0fJNA4NlA=,166942.0
consensus_latency,inQrnHn96wMuzLSzbFUv9bp0H2AmhONtjAIwGyX3j/A=,166942.0
consensus_latency,jzZzpO6uqZXTmiv5LHYTiQvU/THIRrNsMehhWfTnZSU=,166942.0
consensus_latency,m0tlwacNF046OsE/0AA1AT3JXEh+dh6M3sB3hvPqteM=,166942.0
consensus_latency,qvZ+LlQCz2xv1giZaySCyPcWD9JRthImJBUqvb1phOA=,166942.0
consensus_latency,sOfX8EwkUWv3LAQ5zgEFqoplmPCKe5P/SyUd3Ly0hlc=,166942.0
consensus_latency,yjaOKC4d5T3vB+TRlbKFt+Sfo39Gap0ZxBeNWww3ogs=,166942.0
consensus_latency,1Jw0lWUTkv1CDRrWLk2n1vsHQkzpZpfZpk6MxePjvxI=,166942.0
consensus_latency,330wZ2TAS2l+vYRU2B8+p7kD7WroB7J3G1e3reckjaI=,166942.0
consensus_latency,8G5HMdZBK6nocSCwXXtTa3kh767XNzr9xm89q2PLiVs=,166942.0
consensus_latency,KYCbokgF+hFe1meaQEwogR2wo20QhJWSMDJj0vjTWLo=,167445.0
consensus_latency,MBGss+O2mv7ekEZno2RTLOj74Py9KLrdVDaw2LsbKx4=,167445.0
consensus_latency,PwdIKgWStZEgu4AWgpuTK0jeyMn65sBAhR3K+XocJ0E=,167445.0
consensus_latency,bOJrbo1+Kjv7otFxo0Z0OvyHLIMdj21n75SzceXQsbk=,167445.0
consensus_latency,fPuYWJp07epSSSXz9nOJxqVZDBu+ccE+UnqvwYZyQRo=,167445.0
consensus_latency,pYhqTvH8tJ7H8xQwV83n2Y+9xgJAtfyqvmgxiueXTtI=,167445.0
consensus_latency,+YwNK7J/hw7lX9xLnnnbK5hlIhb1NxFRBsjPok9w3+I=,167445.0
consensus_latency,++3uMWEs/P872UmFLJxpcsVWzXyMa11hprw4n418ZeM=,167445.0
consensus_latency,C+j1WABS6IlA7NjMcL9q3ION8ZccP0WnC9aa7N7L3wk=,167566.0
consensus_latency,TbCRSrx1nvK8mVilXM/7jKIm8rk9MyqvxQ8L7Jr9ong=,167566.0
consensus_latency,auV0ijylDsvEbiqS0RqO5ETDCUJ71FlC2D7RuGrAfzE=,167566.0
consensus_latency,bE1kulGDEIzmZ6BYgAQgTBnItWJuDR4hc27IH+Kbc5A=,167566.0
consensus_latency,o/Vx7oeFbsAtBR8AG7QDSRZZoRZptmomJv6KcVQEjq8=,167566.0
consensus_latency,2IthCZxOyhau8KuVbDHx79J1e+DS0O+XOiuoTMI8nnE=,167566.0
consensus_latency,+HtQ1euQVC2CfTpvPhad9BhREGeZP3FlNaGfHDet9Ws=,167566.0
consensus_latency,+UQiQpmCk96MU+DiZLZkAHx+B0n1kkZT3jzWSWmz0WA=,167566.0
consensus_latency,KAt5xJnanDVjUgaWUOlesXykrlM+QQdZeI2tw4nm9ms=,167635.0
consensus_latency,Ombi23GG11Gcg6gPbob2fzq5z/KattpACI8Oc+hZ0n4=,167635.0
consensus_latency,ZNsWM2ZICRYXzmexlZYpsJ6G/2BhCq52h7oFuhyrj1o=,167635.0
consensus_latency,a4ReqRNSheOgJXZAmpAySLbdld5+Gt+h1JRT54tDLmg=,167635.0
consensus_latency,euI7dDdY+HI38rZSKs7XY5s5P+vZ263JXCY0p3I9Fww=,167635.0
consensus_latency,euuf7Y2NESidYCIhZm7e8aBwHfhihCKtXlNHl+Zxr/k=,167635.0
consensus_latency,80HQpi/r6hpe4AHhRInH1/ktWR9i/bM0H4ovF0pXhyU=,167635.0
consensus_latency,IvadIzaeEFqnP4Z4sx1p4Sbl/bk2tanQQD7zS/+7NJU=,166998.0
consensus_latency,JMP+cg67+W6Rhg/Y5ZtoJwhjfJbx+RL4KGjEpGCD1j8=,166998.0
consensus_latency,MXLPRGcgH9sN+1uWXBaWsud4uftgxESTXIEiP/Kocwk=,166998.0
consensus_latency,NXREmXx1zNR+pfxHNhb0CtC1ubPNqDgwvRwGy0twdC4=,166998.0
consensus_latency,ST8y8XW4aH+ICm6XMY3ZDh+76BS1JuFF/f/K7zx1r9c=,166998.0
consensus_latency,U7GJz+hDuZgQUHI9l2ZJtdPIjoYTVSj9msP/q6FlJUM=,166998.0
consensus_latency,WNKUg3g2X85HTZAlpR5sDxbivCQDYUIEKKY9bG8dVZc=,166998.0
consensus_latency,d3R6m9NKR/snzL2OrOfFlY/eHr/+Kmhy06X3kq9Tqhc=,166998.0
consensus_latency,e/qepwbRrbN1NkRZgPuYlZ5/tp9K/6LCo+ppKcDRQhQ=,166998.0
consensus_latency,hRf/nzU1cieDTS4OAfs4eqgUWvQXUCmAYuvEmkzCoSU=,166998.0
consensus_latency,qYrn7xMcr4zJcQchaEZrQvlpZOYHtvvlyVVYbjCojSs=,166998.0
consensus_latency,qez8EfybgQl1xlOjix6pZ02ygnQ34cIM6onavHJ+oec=,166998.0
consensus_latency,4uU3bcj7qIegO2r8TW2YM7EcSl4N58FhkfczPWJcmz0=,166998.0
consensus_latency,6KzCCO64FCzDgFVR7d9vr5w+2Pz27acVsf7yWG8RVUE=,166998.0
consensus_latency,8UBNEjOtqVREEx7OoQHbVVbSFEJd0gFP+0nTMLzWse4=,166998.0
consensus_latency,ByHOfDwlFrri24Qg1SkvjyUJBKEubWokFW+PSwb/JPI=,166786.0
consensus_latency,Rjs4RwS+tTEQ7l7+a+/+92ycWsPqQ99zNJ+txhJFgxE=,166786.0
consensus_latency,ehwG5Ib9j9+jDnHvF9pTmL+lY594BEWQV+H5rqtN9oE=,166786.0
consensus_latency,6HWueoMtxRDFYGL4fLRRKln0Hs1TafvxYO/FPRxSXbI=,166786.0
consensus_latency,6fRiXOPA9AX2qsYKYv0+5VLKVizhHazhjkUy1ngX65s=,166786.0
consensus_latency,DW/EJ7pZej5fKXJRUbb4s1XOQaNTTvyA1c+dY89GECs=,167457.0
consensus_latency,Ee/0TZYPv+S+JIjHIjGDdZ2l+LNclNSrCY+S4d93y/E=,167457.0
consensus_latency,F8PnftIM73AW+7XRLxKs/Uyq6p1I8fzY+b/RYaqTQTM=,167457.0
consensus_latency,c9YoD34NTmuHN/mkMq8niTDOHhCcmGQy9ng+r8xbftI=,167457.0
consensus_latency,f4O9tulW9JFAebMCUcAXOKp23nmQ6IsidqbPAVxTEeQ=,167457.0
consensus_latency,kcnmMEmo53ZV9ViQZ8NxH3ak5+8JXFFGpyCvqVI3OWM=,167457.0
consensus_latency,ub/QRWAVZSbBB+tzzAfLTWTQ46FX0Xwi8dRGl3rAK8Y=,167457.0
consensus_latency,1+bX4sitWUE6GjF3AB+2aQNfK/2vhxv2jXpXII8/blw=,167457.0
consensus_latency,8RC3h9QwJbvcYNiEDfSYJEq3VbaLQlFMAgpdaW7DCKc=,167457.0
consensus_latency,Xy0I9bUw55Lbkvl+JTJanx1kxUa0oNcPDhhQAjBDiYo=,167656.0
consensus_latency,jLEmBW8bpCLZPo3YvwBInV3aqXdjgJOGd5QAFmVEVU4=,167656.0
consensus_latency,q+FvvUNotNdlL49Ol2i2nB6CldQ5XSccDhC2XuegBgs=,167656.0
consensus_latency,rMMOScA6XkkJrwWQnbnFmrjwd9G9sXBZH7l68rxL/RU=,167656.0
consensus_latency,vnEqfnb2I42F9w1FytHTqgWxyFj2dENKfsV06DBb9rk=,167656.0
consensus_latency,IDjvLqnVtUc9OTSvBcFxAIK3MxfAc6pI92nbnizOQS8=,167623.0
consensus_latency,RjmhrUGhiSJ5kbiSEvY/oNYAjoS932AHi5oTNf1LuAc=,167623.0
consensus_latency,R9EPau0EWLmgFYtI3XhukFLz3Y8RcoCDmDrU5asV7g8=,167623.0
consensus_latency,VDOnvNYzEAHjReLcGIscNGPdJNtyE5gC0y/E/AmwyyI=,167623.0
consensus_latency,kB+92NJB0LpYzc6IA8rIzLk/l3c/zaWExDe6G0ruJPM=,167623.0
consensus_latency,qnene0Tyj5qZGOfeUsam4sRvZ31CJTFDMird3mXdKV8=,167623.0
consensus_latency,9FUJqHRfzunzhSfkwl/gZenYrlXEmQF/TY5LYbpoRmE=,167623.0
consensus_latency,AWQV+Yv0yc/DRIuUnll8HzMOtsUwXnEvRAabj5VOTFA=,165839.0
consensus_latency,AkN/W95zgr6OX3pxxi9LtC/f/nMT8DQWIX10Df6ZoRE=,165839.0
consensus_latency,CdrNaTv78l0McOKiPM/fOYebRG1kkFmFTvRlrailgn4=,165839.0
consensus_latency,DeY0/6GeyFGh1yXh229CRvHVkY4OFtMNXRo7dV66RIc=,165839.0
consensus_latency,GqCJWxcU9/LcslyElTjIbFHyDDnif5XdVrtba7iBAU8=,165839.0
consensus_latency,J4qrVoHJAgQ7WOpiUiFrCQWmmngzGqfz6WFLR6IT140=,165839.0
consensus_latency,Ng0naFZmnRuLMdoGUmkOKcIY/k3xqTn9OUCwnQq7IrM=,165839.0
consensus_latency,S88ws41aLUu2MHPteq+eze7sPIPMB7wdhMJBCidRKq4=,165839.0
consensus_latency,YvFLK5U1TbjOBbXM+fXbn0bgbu3ySS5BoxSTvqOlIRM=,165839.0
consensus_latency,aLKzbSDhLAOc/WqBj862+IMhATULE1ALABtIL0BryUc=,165839.0
consensus_latency,fP8gMFU450Z3JmkLSrAsoqpXxJgvMpq7spwAuBheVV8=,165839.0
consensus_latency,iCQeRgkyv3MFoLmkRBOVUEDrCSdl04m5dzoWq0phFYI=,165839.0
consensus_latency,iSZZ6+csxzhGBJWunaq7MiinjkjwcwmIA+8hn6AoawY=,165839.0
consensus_latency,kaqFKVHHCoGuto4xNmNa52c+2Ui+w9WaslDk3evS9Q8=,165839.0
consensus_latency,lKz6uUA4H3a06uHQc9ey83Ml/BW/39yMerQ7WlkF4H4=,165839.0
consensus_latency,lmz6LRC1YBfuzV0wnzatiWEauGmhV4/30qp3F1stmTY=,165839.0
consensus_latency,nlhodhmZmrl52Qi/T5bV50nkU6p+ia3ZzwApfAhFy5s=,165839.0
consensus_latency,oi4N/omgLxWUG4Gxr7Sqhv8bi7kmfkw/GgKRqYub0gU=,165839.0
consensus_latency,phwPsE7KNHz8zTuo0utqSsn2kVP2TEPVUoWuOjYJwy4=,165839.0
consensus_latency,qXHTJ3XRHuQKEDsr25oR4S+SFyNKGiD+bOyiMyyGPZg=,165839.0
consensus_latency,qwSSNlAqc0RBTzrEPqG5syKZdciq0IocOXJF2rNURNk=,165839.0
consensus_latency,xoaCcHaezKTqaGsqPdAmJwGroXFmD2oIToARN9mS3SE=,165839.0
consensus_latency,y6Pk0nwVqB0Il8VzoVWRwjA0W5SjYysEmD2WB41IVN4=,165839.0
consensus_latency,0DP1fN4XZr51+nHl+6tJ6OrlK5b6NDorCgcrFSv165A=,165839.0
consensus_latency,0xfdBaKOYHrTfrFQdR4gvM7cQu1426QQQqVFF7Zh/FM=,165839.0
consensus_latency,06aAnoRgTyu7TvrPtmzljpkgM672Jeh6ttzgvF890cE=,165839.0
consensus_latency,1POgELfp6c0X17oQvSSYE3VViBpsVFejbysHE85bfyo=,165839.0
consensus_latency,2S6JjoEt6yXvdHlwoO9PDTl6yRIWZt7vAf4H9CRltuk=,165839.0
consensus_latency,2nom2PytaotusPET7v5ZrtPWIqX+Ll6l968K/Hab1SQ=,165839.0
consensus_latency,3Q9VqrHF6BCfUBuUlsT9z3t93zCycdZ31r/avGcf7fg=,165839.0
consensus_latency,7lihRV6lWFTgrbVZ7b4T/p/bq0vezQ/YPfHWXN7LNvc=,165839.0
consensus_latency,/X4f+mqjpTbuoXHKHGmIy0W7KLN2kCuR0OFc0Pv2ZKE=,165839.0
end_to_end_latency,0:0,168169.0
end_to_end_latency,0:1,168110.0
end_to_end_latency,0:2,168069.0
end_to_end_latency,0:3,168012.0
end_to_end_latency,0:4,167968.0
end_to_end_latency,0:5,167918.0
end_to_end_latency,0:6,167868.0
end_to_end_latency,0:7,167819.0
end_to_end_latency,0:8,167759.0
end_to_end_latency,0:9,167719.0
end_to_end_latency,0:10,167668.0
end_to_end_latency,0:12,167568.0
end_to_end_latency,0:13,167518.0
end_to_end_latency,0:14,167468.0
end_to_end_latency,0:15,167419.0
end_to_end_latency,0:16,167368.0
end_to_end_latency,1:0,168229.0
end_to_end_latency,1:1,168189.0
end_to_end_latency,1:3,168088.0
end_to_end_latency,1:4,168039.0
end_to_end_latency,1:5,167988.0
end_to_end_latency,1:6,167938.0
end_to_end_latency,2:2,168066.0
end_to_end_latency,3:0,168119.0
end_to_end_latency,3:1,168069.0
end_to_end_latency,3:3,167969.0
end_to_end_latency,3:4,167919.0
end_to_end_latency,3:5,167869.0
end_to_end_latency,4:0,168200.0
end_to_end_latency,4:1,168151.0
end_to_end_latency,4:3,168050.0
end_to_end_latency,4:4,168001.0
end_to_end_latency,4:5,167950.0
end_to_end_latency,4:6,167901.0
end_to_end_latency,5:0,168223.0
end_to_end_latency,5:1,168174.0
end_to_end_latency,5:3,168073.0
end_to_end_latency,5:4,168024.0
end_to_end_latency,5:5,167973.0
end_to_end_latency,5:6,167923.0
end_to_end_latency,5:7,167874.0
end_to_end_latency,6:0,168193.0
end_to_end_latency,6:1,168144.0
end_to_end_latency,6:3,168043.0
end_to_end_latency,6:4,167994.0
end_to_end_latency,6:5,167943.0
end_to_end_latency,6:6,167894.0
end_to_end_latency,7:0,168187.0
end_to_end_latency,7:1,168141.0
end_to_end_latency,7:3,168041.0
end_to_end_latency,7:4,167991.0
end_to_end_latency,7:5,167942.0
end_to_end_latency,8:0,168136.0
end_to_end_latency,8:1,168086.0
end_to_end_latency,8:3,167985.0
end_to_end_latency,8:4,167936.0
end_to_end_latency,8:5,167885.0
end_to_end_latency,9:0,168211.0
end_to_end_latency,9:1,168162.0
end_to_end_latency,9:3,168062.0
end_to_end_latency,9:4,168008.0
end_to_end_latency,9:5,167961.0
end_to_end_latency,9:6,167909.0
end_to_end_latency,9:7,167862.0
end_to_end_latency,9:8,167812.0
end_to_end_latency,10:0,168210.0
end_to_end_latency,10:1,168159.0
end_to_end_latency,10:3,168059.0
end_to_end_latency,10:4,168010.0
end_to_end_latency,10:5,167959.0
end_to_end_latency,10:6,167909.0
end_to_end_latency,10:7,167856.0
end_to_end_latency,11:0,168065.0
end_to_end_latency,11:1,168015.0
end_to_end_latency,11:2,167964.0
end_to_end_latency,11:3,167915.0
end_to_end_latency,11:4,167860.0
end_to_end_latency,11:5,167815.0
end_to_end_latency,11:6,167765.0
end_to_end_latency,11:7,167715.0
end_to_end_latency,11:8,167665.0
end_to_end_latency,11:9,167615.0
end_to_end_latency,11:10,167565.0
end_to_end_latency,11:12,167465.0
end_to_end_latency,11:13,167415.0
end_to_end_latency,11:14,167365.0
end_to_end_latency,11:15,167315.0
end_to_end_latency,11:16,167264.0
end_to_end_latency,12:0,168219.0
end_to_end_latency,12:1,168169.0
end_to_end_latency,12:3,168070.0
end_to_end_latency,12:4,168020.0
end_to_end_latency,12:5,167970.0
end_to_end_latency,12:6,167920.0
end_to_end_latency,12:7,167870.0
end_to_end_latency,12:8,167820.0
end_to_end_latency,13:0,168228.0
end_to_end_latency,13:1,168178.0
end_to_end_latency,13:3,168078.0
end_to_end_latency,13:4,168028.0
end_to_end_latency,13:5,167978.0
end_to_end_latency,13:6,167928.0
end_to_end_latency,13:7,167879.0
end_to_end_latency,14:0,168151.0
end_to_end_latency,14:1,168101.0
end_to_end_latency,15:0,168095.0
end_to_end_latency,15:1,168045.0
end_to_end_latency,15:3,167945.0
end_to_end_latency,15:4,167894.0
end_to_end_latency,15:5,167842.0
end_to_end_latency,15:6,167796.0
end_to_end_latency,15:7,167746.0
end_to_end_latency,15:8,167696.0
end_to_end_latency,15:9,167646.0
end_to_end_latency,15:10,167596.0
end_to_end_latency,15:11,167546.0
end_to_end_latency,15:12,167496.0
end_to_end_latency,15:13,167445.0
end_to_end_latency,15:14,167396.0
end_to_end_latency,15:15,167346.0
end_to_end_latency,15:16,167296.0
end_to_end_latency,15:17,167246.0
end_to_end_latency,15:18,167196.0
end_to_end_latency,15:19,167145.0
end_to_end_latency,15:20,167096.0
end_to_end_latency,15:21,167046.0
end_to_end_latency,15:22,166996.0
end_to_end_latency,15:23,166942.0
end_to_end_latency,15:24,166896.0
end_to_end_latency,15:25,166846.0
end_to_end_latency,15:26,166796.0
end_to_end_latency,15:27,166746.0
end_to_end_latency,15:28,166696.0
end_to_end_latency,15:29,166646.0
end_to_end_latency,15:30,166596.0
end_to_end_latency,15:31,166546.0
end_to_end_latency,15:33,166446.0
end_to_end_latency,15:34,166395.0
end_to_end_latency,15:35,166346.0
end_to_end_latency,15:36,166296.0
end_to_end_latency,15:37,166245.0
end_to_end_latency,15:38,166196.0
end_to_end_latency,15:39,166146.0
end_to_end_latency,15:40,166094.0
end_to_end_latency,16:0,168146.0
end_to_end_latency,16:1,168096.0
end_to_end_latency,16:3,167996.0
end_to_end_latency,16:4,167944.0
end_to_end_latency,16:5,167895.0
end_to_end_latency,16:6,167845.0
end_to_end_latency,16:7,167796.0
end_to_end_latency,17:0,168125.0
end_to_end_latency,17:1,168076.0
end_to_end_latency,17:2,168024.0
end_to_end_latency,17:3,167975.0
end_to_end_latency,17:4,167925.0
end_to_end_latency,17:5,167875.0
end_to_end_latency,17:6,167825.0
end_to_end_latency,17:7,167775.0
end_to_end_latency,17:8,167719.0
end_to_end_latency,17:10,167625.0
end_to_end_latency,17:11,167566.0
end_to_end_latency,17:12,167525.0
end_to_end_latency,17:13,167476.0
end_to_end_latency,17:14,167425.0
end_to_end_latency,17:15,167375.0
end_to_end_latency,18:0,168198.0
end_to_end_latency,18:1,168147.0
end_to_end_latency,18:3,168048.0
end_to_end_latency,18:4,167997.0
end_to_end_latency,18:5,167947.0
end_to_end_latency,18:6,167897.0
end_to_end_latency,19:0,168203.0
end_to_end_latency,19:1,168152.0
end_to_end_latency,19:4,168002.0
end_to_end_latency,19:5,167952.0
end_to_end_latency,20:0,168188.0
end_to_end_latency,20:1,168138.0
end_to_end_latency,20:3,168038.0
end_to_end_latency,20:4,167988.0
end_to_end_latency,20:5,167938.0
end_to_end_latency,20:6,167888.0
end_to_end_latency,20:7,167838.0
end_to_end_latency,20:8,167788.0
end_to_end_latency,21:0,168162.0
end_to_end_latency,21:1,168112.0
end_to_end_latency,21:3,168011.0
end_to_end_latency,21:4,167962.0
end_to_end_latency,21:5,167912.0
end_to_end_latency,21:6,167862.0
end_to_end_latency,21:7,167812.0
end_to_end_latency,21:8,167762.0
end_to_end_latency,21:9,167712.0
end_to_end_latency,22:0,168164.0
end_to_end_latency,22:1,168115.0
end_to_end_latency,22:3,168015.0
end_to_end_latency,22:4,167965.0
end_to_end_latency,22:5,167915.0
end_to_end_latency,22:6,167863.0
end_to_end_latency,22:7,167815.0
end_to_end_latency,22:8,167757.0
end_to_end_latency,22:9,167715.0
end_to_end_latency,28:0,167421.0
end_to_end_latency,28:1,167370.0
end_to_end_latency,34:0,168238.0
end_to_end_latency,34:1,168188.0
end_to_end_latency,34:2,168138.0
end_to_end_latency,34:4,168038.0
end_to_end_latency,34:5,167988.0
end_to_end_latency,34:6,167937.0
end_to_end_latency,34:7,167888.0
end_to_end_latency,34:8,167838.0
end_to_end_latency,38:0,167327.0
end_to_end_latency,38:1,167275.0
end_to_end_latency,38:3,167170.0
end_to_end_latency,38:4,167127.0
end_to_end_latency,38:5,167077.0
end_to_end_latency,45:0,168255.0
end_to_end_latency,45:1,168206.0
end_to_end_latency,45:3,168105.0
end_to_end_latency,45:4,168056.0
end_to_end_latency,45:5,168005.0
end_to_end_latency,45:6,167957.0
end_to_end_latency,45:7,167905.0
end_to_end_latency,46:0,168251.0
end_to_end_latency,46:1,168201.0
end_to_end_latency,46:3,168101.0
end_to_end_latency,46:4,168050.0
end_to_end_latency,46:5,168001.0
end_to_end_latency,46:6,167949.0
end_to_end_latency,46:7,167901.0
end_to_end_latency,46:8,167849.0
end_to_end_latency,47:0,168127.0
end_to_end_latency,47:1,168077.0
end_to_end_latency,47:2,168025.0
end_to_end_latency,47:3,167972.0
end_to_end_latency,47:4,167927.0
end_to_end_latency,47:5,167877.0
end_to_end_latency,47:6,167826.0
end_to_end_latency,47:7,167777.0
end_to_end_latency,47:8,167727.0
end_to_end_latency,47:9,167673.0
end_to_end_latency,47:10,167627.0
end_to_end_latency,47:11,167577.0
end_to_end_latency,47:12,167528.0
end_to_end_latency,47:14,167428.0
end_to_end_latency,47:15,167378.0
end_to_end_latency,47:16,167327.0
end_to_end_latency,47:17,167278.0
end_to_end_latency,47:18,167227.0
end_to_end_latency,47:19,167177.0
end_to_end_latency,49:0,168249.0
end_to_end_latency,49:1,168198.0
end_to_end_latency,49:3,168098.0
end_to_end_latency,49:4,168048.0
end_to_end_latency,49:5,167998.0
end_to_end_latency,49:6,167948.0
end_to_end_latency,49:7,167898.0
