Round,Node_0,Node_1,Node_2,Node_3,Node_4,Node_5,Node_6,Node_7,Node_8,Node_9
1,13581.000,12108.000,10682.000,9206.000,7776.000,6311.000,4803.000,3342.000,1869.000,1622.000
2,210.000,210.000,211.000,211.000,212.000,213.000,307.000,308.000,307.000,2.000
3,309.000,309.000,309.000,309.000,308.000,308.000,310.000,310.000,311.000,2.000
4,311.000,311.000,309.000,310.000,311.000,311.000,310.000,309.000,308.000,2.000
5,306.000,307.000,308.000,307.000,307.000,307.000,300.000,302.000,301.000,293.000
6,312.000,314.000,311.000,312.000,312.000,312.000,310.000,308.000,308.000,612.000
7,296.000,294.000,297.000,295.000,296.000,296.000,305.000,305.000,305.000,9.000
8,309.000,309.000,307.000,309.000,308.000,308.000,307.000,305.000,307.000,470.000
9,259.000,261.000,261.000,260.000,260.000,258.000,249.000,252.000,250.000,156.000
10,299.000,299.000,298.000,299.000,298.000,300.000,309.000,308.000,308.000,227.000
11,268.000,268.000,269.000,267.000,269.000,269.000,268.000,264.000,266.000,319.000
12,301.000,300.000,299.000,301.000,300.000,300.000,249.000,250.000,249.000,42.000
13,264.000,266.000,268.000,267.000,267.000,266.000,292.000,292.000,292.000,265.000
14,282.000,281.000,281.000,281.000,280.000,280.000,289.000,290.000,287.000,452.000
15,280.000,279.000,277.000,278.000,279.000,280.000,288.000,286.000,290.000,466.000
16,256.000,257.000,258.000,256.000,257.000,257.000,259.000,260.000,260.000,189.000
17,267.000,266.000,265.000,267.000,266.000,266.000,213.000,216.000,216.000,3.000
18,239.000,238.000,241.000,239.000,239.000,239.000,295.000,295.000,294.000,468.000
19,276.000,276.000,274.000,277.000,276.000,276.000,213.000,209.000,211.000,234.000
20,237.000,238.000,240.000,238.000,238.000,238.000,275.000,278.000,272.000,90.000
21,259.000,261.000,260.000,260.000,261.000,260.000,238.000,236.000,241.000,191.000
22,222.000,221.000,220.000,220.000,220.000,220.000,276.000,278.000,275.000,255.000
23,280.000,280.000,280.000,280.000,279.000,279.000,208.000,208.000,206.000,235.000
24,237.000,236.000,238.000,238.000,239.000,240.000,281.000,279.000,285.000,248.000
25,239.000,240.000,238.000,238.000,236.000,238.000,234.000,234.000,229.000,231.000
26,255.000,256.000,257.000,256.000,258.000,256.000,238.000,237.000,241.000,265.000
27,223.000,223.000,223.000,224.000,223.000,223.000,256.000,258.000,258.000,222.000
28,216.000,214.000,214.000,212.000,215.000,214.000,214.000,216.000,215.000,211.000
29,233.000,234.000,234.000,235.000,232.000,234.000,227.000,225.000,222.000,238.000
30,265.000,264.000,264.000,265.000,265.000,263.000,275.000,274.000,278.000,264.000
31,230.000,232.000,230.000,231.000,232.000,232.000,239.000,241.000,237.000,234.000
32,275.000,274.000,276.000,274.000,274.000,274.000,232.000,234.000,233.000,270.000
33,236.000,236.000,236.000,237.000,237.000,238.000,259.000,253.000,260.000,236.000
34,269.000,267.000,269.000,268.000,267.000,267.000,293.000,295.000,293.000,269.000
35,248.000,250.000,248.000,249.000,250.000,248.000,221.000,219.000,220.000,251.000
36,275.000,274.000,274.000,273.000,272.000,275.000,292.000,294.000,293.000,272.000
37,242.000,244.000,244.000,243.000,245.000,243.000,166.000,166.000,169.000,242.000
38,218.000,216.000,216.000,218.000,217.000,216.000,293.000,295.000,288.000,223.000
39,287.000,287.000,287.000,285.000,286.000,288.000,260.000,258.000,263.000,282.000
40,217.000,216.000,217.000,218.000,217.000,216.000,207.000,206.000,207.000,217.000
41,275.000,278.000,277.000,277.000,277.000,278.000,259.000,259.000,253.000,271.000
42,242.000,240.000,242.000,240.000,241.000,241.000,253.000,254.000,259.000,235.000
43,254.000,254.000,252.000,254.000,252.000,253.000,260.000,261.000,255.000,264.000
44,253.000,254.000,254.000,254.000,255.000,253.000,274.000,276.000,280.000,254.000
45,214.000,213.000,213.000,213.000,214.000,215.000,243.000,240.000,237.000,217.000
46,273.000,274.000,274.000,274.000,272.000,272.000,209.000,208.000,207.000,269.000
47,241.000,242.000,241.000,240.000,242.000,241.000,297.000,298.000,302.000,243.000
48,272.000,269.000,271.000,273.000,271.000,272.000,208.000,207.000,208.000,271.000
49,236.000,237.000,236.000,235.000,237.000,237.000,277.000,282.000,280.000,238.000
50,278.000,279.000,279.000,279.000,278.000,277.000,243.000,238.000,237.000,277.000
51,239.000,238.000,239.000,237.000,238.000,238.000,272.000,276.000,277.000,240.000
52,276.000,277.000,276.000,278.000,276.000,278.000,305.000,305.000,304.000,276.000
53,246.000,246.000,246.000,248.000,246.000,246.000,240.000,240.000,241.000,249.000
54,303.000,303.000,301.000,301.000,303.000,303.000,277.000,274.000,276.000,298.000
55,275.000,273.000,275.000,274.000,274.000,272.000,244.000,245.000,240.000,273.000
56,235.000,236.000,235.000,234.000,236.000,237.000,268.000,270.000,274.000,235.000
57,215.000,217.000,216.000,219.000,218.000,217.000,237.000,237.000,238.000,222.000
58,246.000,246.000,247.000,243.000,245.000,245.000,221.000,216.000,211.000,244.000
59,268.000,267.000,267.000,269.000,268.000,269.000,237.000,245.000,249.000,267.000
60,248.000,246.000,247.000,247.000,244.000,246.000,276.000,271.000,267.000,248.000
61,269.000,270.000,269.000,270.000,271.000,268.000,243.000,247.000,249.000,274.000
62,247.000,247.000,248.000,245.000,250.000,248.000,273.000,267.000,267.000,309.000
63,268.000,268.000,267.000,269.000,264.000,269.000,243.000,248.000,251.000,229.000
64,247.000,247.000,248.000,248.000,248.000,245.000,274.000,270.000,267.000,222.000
65,270.000,270.000,270.000,268.000,269.000,270.000,246.000,249.000,247.000,322.000
66,245.000,244.000,246.000,247.000,248.000,247.000,391.000,279.000,284.000,325.000
67,269.000,271.000,268.000,268.000,266.000,268.000,116.000,230.000,227.000,247.000
68,242.000,242.000,243.000,271.000,244.000,241.000,283.000,276.000,278.000,156.000
69,274.000,273.000,273.000,244.000,274.000,303.000,239.000,245.000,240.000,248.000
70,239.000,239.000,239.000,239.000,238.000,212.000,268.000,265.000,267.000,298.000
71,274.000,275.000,274.000,277.000,275.000,273.000,287.000,289.000,291.000,249.000
72,238.000,237.000,238.000,237.000,238.000,237.000,235.000,232.000,234.000,212.000
73,280.000,280.000,278.000,279.000,279.000,281.000,231.000,234.000,233.000,233.000
74,213.000,213.000,215.000,212.000,213.000,213.000,283.000,280.000,281.000,343.000
75,286.000,288.000,287.000,288.000,288.000,288.000,241.000,242.000,238.000,145.000
76,251.000,249.000,251.000,251.000,249.000,248.000,269.000,275.000,279.000,438.000
77,281.000,279.000,280.000,280.000,281.000,282.000,246.000,240.000,236.000,143.000
78,233.000,235.000,233.000,234.000,233.000,232.000,270.000,272.000,273.000,334.000
79,279.000,278.000,278.000,278.000,279.000,280.000,230.000,232.000,233.000,179.000
80,234.000,234.000,234.000,234.000,234.000,232.000,284.000,278.000,278.000,310.000
81,245.000,246.000,247.000,246.000,244.000,247.000,220.000,222.000,223.000,170.000
82,244.000,244.000,242.000,244.000,246.000,245.000,289.000,291.000,290.000,294.000
83,263.000,264.000,265.000,262.000,264.000,263.000,214.000,210.000,212.000,221.000
84,251.000,252.000,252.000,254.000,250.000,252.000,283.000,267.000,268.000,240.000
85,254.000,252.000,250.000,251.000,253.000,252.000,253.000,271.000,266.000,250.000
86,266.000,264.000,266.000,264.000,265.000,265.000,248.000,248.000,248.000,232.000
87,250.000,252.000,251.000,253.000,252.000,252.000,244.000,246.000,250.000,274.000
88,255.000,253.000,257.000,254.000,254.000,254.000,254.000,249.000,249.000,270.000
89,236.000,237.000,236.000,238.000,236.000,237.000,252.000,257.000,252.000,202.000
90,256.000,259.000,257.000,257.000,259.000,256.000,221.000,221.000,225.000,293.000
91,227.000,224.000,225.000,225.000,226.000,226.000,284.000,281.000,284.000,224.000
92,240.000,240.000,240.000,240.000,237.000,240.000,232.000,231.000,228.000,249.000
93,273.000,273.000,273.000,273.000,275.000,274.000,285.000,286.000,287.000,328.000
94,241.000,241.000,241.000,241.000,241.000,241.000,213.000,214.000,210.000,247.000
95,274.000,273.000,273.000,273.000,274.000,273.000,290.000,289.000,314.000,256.000
96,290.000,290.000,290.000,289.000,290.000,290.000,262.000,261.000,241.000,239.000
97,250.000,251.000,249.000,256.000,250.000,251.000,247.000,253.000,251.000,264.000
98,266.000,269.000,270.000,271.000,267.000,276.000,268.000,262.000,263.000,251.000
99,259.000,256.000,257.000,250.000,258.000,249.000,245.000,250.000,248.000,256.000
100,239.000,241.000,240.000,239.000,238.000,239.000,259.000,254.000,256.000,305.000
101,260.000,259.000,259.000,259.000,259.000,259.000,230.000,233.000,228.000,196.000
102,227.000,225.000,223.000,226.000,227.000,226.000,232.000,235.000,238.000,340.000
103,288.000,264.000,266.000,261.000,304.000,263.000,281.000,277.000,276.000,213.000
104,224.000,251.000,249.000,253.000,210.000,251.000,276.000,278.000,280.000,232.000
105,267.000,266.000,267.000,266.000,266.000,265.000,243.000,241.000,238.000,266.000
106,260.000,260.000,261.000,259.000,261.000,262.000,281.000,284.000,285.000,252.000
107,209.000,210.000,210.000,210.000,209.000,209.000,234.000,233.000,232.000,276.000
108,292.000,290.000,292.000,293.000,292.000,291.000,205.000,204.000,202.000,173.000
109,226.000,227.000,225.000,224.000,224.000,226.000,292.000,293.000,298.000,293.000
110,270.000,272.000,273.000,273.000,273.000,272.000,268.000,269.000,265.000,234.000
111,232.000,229.000,229.000,231.000,231.000,230.000,228.000,226.000,227.000,200.000
112,260.000,261.000,261.000,261.000,260.000,261.000,232.000,229.000,233.000,268.000
113,252.000,252.000,251.000,251.000,252.000,250.000,260.000,265.000,264.000,231.000
114,295.000,295.000,293.000,295.000,295.000,297.000,259.000,254.000,255.000,326.000
115,219.000,218.000,219.000,218.000,218.000,218.000,297.000,302.000,299.000,330.000
116,297.000,298.000,298.000,298.000,298.000,298.000,221.000,215.000,219.000,194.000
117,225.000,225.000,224.000,224.000,224.000,224.000,303.000,305.000,304.000,292.000
118,287.000,287.000,289.000,288.000,286.000,288.000,238.000,238.000,238.000,245.000
119,255.000,255.000,253.000,255.000,258.000,255.000,270.000,273.000,271.000,220.000
120,270.000,270.000,273.000,270.000,267.000,269.000,243.000,239.000,240.000,268.000
121,215.000,215.000,214.000,213.000,216.000,214.000,275.000,277.000,275.000,257.000
122,302.000,302.000,303.000,305.000,304.000,305.000,235.000,233.000,235.000,232.000
123,210.000,210.000,209.000,209.000,209.000,207.000,274.000,280.000,278.000,394.000
124,306.000,304.000,307.000,304.000,304.000,307.000,215.000,211.000,210.000,152.000
125,232.000,236.000,233.000,236.000,235.000,235.000,305.000,304.000,307.000,308.000
126,280.000,280.000,283.000,280.000,280.000,279.000,304.000,304.000,304.000,216.000
127,245.000,245.000,242.000,245.000,246.000,245.000,208.000,207.000,209.000,264.000
128,273.000,272.000,271.000,272.000,271.000,271.000,306.000,308.000,304.000,242.000
129,288.000,288.000,290.000,289.000,289.000,291.000,227.000,226.000,229.000,289.000
130,225.000,225.000,224.000,223.000,225.000,222.000,223.000,222.000,222.000,200.000
131,243.000,245.000,239.000,242.000,242.000,250.000,273.000,279.000,276.000,254.000
132,274.000,270.000,277.000,273.000,273.000,267.000,335.000,303.000,305.000,288.000
133,289.000,291.000,290.000,291.000,289.000,290.000,223.000,244.000,250.000,360.000
134,243.000,242.000,242.000,243.000,244.000,241.000,261.000,267.000,261.000,240.000
135,283.000,290.000,283.000,283.000,281.000,306.000,253.000,255.000,253.000,231.000
136,237.000,230.000,237.000,237.000,237.000,215.000,290.000,289.000,289.000,236.000
137,279.000,279.000,280.000,279.000,279.000,279.000,278.000,278.000,280.000,260.000
138,251.000,253.000,253.000,253.000,255.000,253.000,236.000,237.000,234.000,297.000
139,265.000,263.000,262.000,263.000,260.000,263.000,236.000,237.000,240.000,222.000
140,249.000,250.000,251.000,250.000,253.000,251.000,289.000,288.000,284.000,251.000
141,267.000,266.000,266.000,266.000,264.000,266.000,227.000,230.000,232.000,344.000
142,251.000,253.000,251.000,252.000,254.000,252.000,314.000,275.000,274.000,273.000
143,298.000,297.000,296.000,297.000,296.000,295.000,245.000,282.000,284.000,195.000
144,257.000,258.000,260.000,259.000,259.000,260.000,250.000,251.000,251.000,300.000
145,258.000,257.000,258.000,257.000,258.000,258.000,287.000,285.000,283.000,220.000
146,271.000,271.000,269.000,271.000,268.000,270.000,227.000,226.000,229.000,236.000
147,247.000,246.000,247.000,246.000,247.000,246.000,303.000,304.000,301.000,266.000
148,293.000,293.000,292.000,292.000,293.000,293.000,214.000,212.000,216.000,301.000
149,222.000,222.000,223.000,224.000,222.000,223.000,298.000,300.000,296.000,211.000
150,294.000,294.000,294.000,293.000,297.000,292.000,254.000,253.000,256.000,308.000
151,221.000,221.000,221.000,221.000,218.000,223.000,252.000,255.000,255.000,307.000
152,288.000,287.000,287.000,287.000,287.000,287.000,262.000,258.000,259.000,235.000
153,224.000,226.000,227.000,226.000,228.000,225.000,262.000,266.000,261.000,274.000
154,290.000,289.000,289.000,289.000,287.000,289.000,290.000,286.000,291.000,216.000
155,232.000,234.000,233.000,233.000,235.000,234.000,231.000,234.000,232.000,291.000
156,294.000,293.000,293.000,293.000,293.000,292.000,285.000,282.000,284.000,202.000
157,266.000,267.000,266.000,267.000,267.000,268.000,214.000,218.000,217.000,273.000
158,248.000,246.000,245.000,246.000,246.000,245.000,230.000,228.000,225.000,270.000
159,227.000,227.000,230.000,227.000,226.000,229.000,320.000,310.000,310.000,335.000
160,293.000,292.000,290.000,293.000,294.000,292.000,281.000,289.000,293.000,194.000
161,266.000,267.000,269.000,267.000,266.000,265.000,265.000,267.000,266.000,307.000
162,307.000,308.000,307.000,306.000,309.000,310.000,258.000,257.000,254.000,306.000
163,260.000,260.000,259.000,260.000,259.000,259.000,285.000,284.000,286.000,223.000
164,258.000,258.000,258.000,258.000,258.000,258.000,260.000,260.000,261.000,242.000
165,253.000,254.000,255.000,256.000,255.000,254.000,266.000,268.000,265.000,255.000
166,263.000,259.000,261.000,259.000,261.000,259.000,251.000,248.000,252.000,287.000
167,250.000,253.000,252.000,253.000,251.000,254.000,258.000,261.000,256.000,230.000
168,243.000,243.000,242.000,241.000,242.000,242.000,219.000,220.000,220.000,248.000
169,253.000,251.000,253.000,254.000,252.000,253.000,262.000,263.000,267.000,244.000
170,263.000,264.000,264.000,261.000,264.000,262.000,251.000,253.000,249.000,286.000
171,229.000,229.000,228.000,231.000,228.000,228.000,269.000,266.000,270.000,235.000
172,240.000,242.000,241.000,241.000,242.000,253.000,231.000,231.000,227.000,214.000
173,273.000,271.000,272.000,272.000,272.000,260.000,279.000,279.000,282.000,272.000
174,241.000,244.000,243.000,244.000,244.000,245.000,283.000,246.000,243.000,311.000
175,291.000,288.000,289.000,288.000,286.000,289.000,213.000,247.000,251.000,216.000
176,215.000,215.000,213.000,215.000,217.000,215.000,253.000,257.000,253.000,260.000
177,279.000,279.000,279.000,279.000,279.000,279.000,262.000,258.000,263.000,234.000
178,236.000,237.000,238.000,236.000,236.000,234.000,258.000,261.000,255.000,341.000
179,279.000,280.000,280.000,280.000,280.000,282.000,257.000,254.000,259.000,238.000
180,238.000,235.000,234.000,237.000,237.000,236.000,245.000,249.000,251.000,232.000
181,280.000,281.000,280.000,279.000,279.000,280.000,266.000,263.000,258.000,237.000
182,235.000,235.000,238.000,236.000,236.000,234.000,273.000,266.000,265.000,293.000
183,299.000,299.000,297.000,298.000,297.000,300.000,240.000,248.000,249.000,233.000
184,219.000,219.000,220.000,220.000,221.000,218.000,268.000,267.000,267.000,212.000
185,295.000,296.000,294.000,295.000,293.000,297.000,246.000,246.000,246.000,298.000
186,241.000,241.000,242.000,239.000,242.000,240.000,259.000,262.000,264.000,241.000
187,276.000,274.000,275.000,277.000,274.000,275.000,257.000,253.000,255.000,272.000
188,258.000,258.000,259.000,258.000,260.000,257.000,267.000,270.000,269.000,352.000
189,255.000,256.000,255.000,255.000,255.000,255.000,294.000,291.000,293.000,177.000
190,259.000,260.000,260.000,260.000,259.000,262.000,224.000,227.000,224.000,294.000
191,280.000,281.000,281.000,282.000,292.000,288.000,293.000,288.000,290.000,239.000
192,236.000,234.000,234.000,233.000,224.000,226.000,248.000,254.000,251.000,234.000
193,284.000,286.000,329.000,287.000,285.000,288.000,264.000,259.000,262.000,298.000
194,239.000,233.000,190.000,231.000,234.000,232.000,259.000,264.000,260.000,263.000
195,280.000,283.000,282.000,285.000,282.000,284.000,258.000,254.000,257.000,234.000
196,271.000,274.000,275.000,274.000,275.000,274.000,302.000,302.000,303.000,337.000
197,292.000,290.000,288.000,290.000,290.000,289.000,241.000,244.000,242.000,235.000
198,270.000,259.000,261.000,257.000,260.000,260.000,274.000,271.000,273.000,269.000
199,253.000,265.000,265.000,265.000,264.000,271.000,260.000,263.000,258.000,258.000
200,251.000,250.000,250.000,250.000,250.000,243.000,288.000,285.000,289.000,251.000
201,263.000,263.000,264.000,264.000,263.000,262.000,243.000,247.000,246.000,276.000
202,254.000,254.000,253.000,253.000,254.000,255.000,272.000,268.000,270.000,251.000
203,266.000,267.000,266.000,269.000,268.000,268.000,241.000,244.000,242.000,251.000
204,250.000,248.000,249.000,246.000,247.000,247.000,261.000,262.000,262.000,246.000
205,262.000,262.000,262.000,262.000,262.000,263.000,264.000,264.000,263.000,261.000
206,248.000,248.000,248.000,248.000,248.000,247.000,222.000,223.000,224.000,281.000
207,260.000,263.000,263.000,264.000,278.000,263.000,249.000,243.000,246.000,231.000
208,254.000,252.000,250.000,253.000,237.000,252.000,266.000,271.000,267.000,252.000
209,259.000,259.000,262.000,258.000,259.000,260.000,245.000,240.000,245.000,302.000
210,249.000,248.000,248.000,250.000,250.000,247.000,267.000,272.000,264.000,202.000
211,221.000,222.000,221.000,219.000,220.000,222.000,257.000,255.000,262.000,272.000
212,296.000,298.000,298.000,299.000,296.000,298.000,258.000,257.000,252.000,246.000
213,218.000,225.000,217.000,216.000,219.000,217.000,258.000,257.000,260.000,270.000
214,298.000,289.000,298.000,299.000,296.000,298.000,256.000,261.000,259.000,248.000
215,280.000,279.000,279.000,280.000,281.000,280.000,258.000,253.000,256.000,223.000
216,240.000,241.000,240.000,240.000,241.000,238.000,278.000,281.000,276.000,357.000
217,275.000,275.000,276.000,276.000,275.000,278.000,238.000,233.000,239.000,216.000
218,242.000,243.000,241.000,241.000,242.000,240.000,276.000,280.000,274.000,248.000
219,274.000,276.000,275.000,276.000,276.000,277.000,231.000,229.000,235.000,309.000
220,234.000,231.000,231.000,232.000,231.000,231.000,282.000,284.000,279.000,205.000
221,241.000,240.000,244.000,241.000,242.000,241.000,230.000,227.000,231.000,230.000
222,249.000,252.000,249.000,250.000,250.000,251.000,219.000,223.000,222.000,226.000
223,247.000,243.000,263.000,245.000,245.000,244.000,275.000,274.000,270.000,260.000
224,248.000,248.000,230.000,248.000,247.000,249.000,281.000,282.000,285.000,257.000
225,246.000,246.000,246.000,246.000,247.000,248.000,235.000,232.000,233.000,257.000
226,266.000,267.000,267.000,268.000,267.000,264.000,281.000,282.000,282.000,254.000
227,249.000,251.000,249.000,248.000,249.000,249.000,208.000,211.000,210.000,382.000
228,266.000,264.000,266.000,265.000,263.000,266.000,300.000,297.000,298.000,131.000
229,252.000,251.000,251.000,252.000,253.000,250.000,206.000,208.000,208.000,299.000
230,261.000,263.000,262.000,284.000,261.000,263.000,262.000,260.000,257.000,241.000
231,251.000,251.000,251.000,230.000,251.000,250.000,264.000,267.000,269.000,230.000
232,261.000,261.000,260.000,260.000,262.000,263.000,247.000,244.000,242.000,259.000
233,251.000,253.000,254.000,253.000,252.000,252.000,275.000,278.000,280.000,255.000
234,265.000,264.000,261.000,263.000,264.000,263.000,246.000,242.000,241.000,259.000
235,252.000,253.000,257.000,254.000,255.000,255.000,273.000,277.000,278.000,287.000
236,262.000,260.000,257.000,260.000,259.000,259.000,290.000,287.000,286.000,229.000
237,268.000,268.000,271.000,269.000,269.000,268.000,257.000,257.000,260.000,352.000
238,297.000,298.000,296.000,295.000,297.000,298.000,258.000,260.000,257.000,157.000
239,225.000,238.000,226.000,227.000,226.000,224.000,259.000,256.000,259.000,338.000
240,245.000,230.000,245.000,319.000,243.000,246.000,248.000,248.000,244.000,206.000
241,289.000,290.000,287.000,215.000,290.000,289.000,279.000,280.000,281.000,266.000
242,270.000,272.000,273.000,272.000,272.000,272.000,291.000,290.000,292.000,276.000
243,269.000,267.000,267.000,265.000,275.000,265.000,252.000,251.000,248.000,284.000
244,285.000,284.000,283.000,285.000,276.000,286.000,268.000,272.000,274.000,370.000
245,264.000,263.000,266.000,265.000,263.000,264.000,248.000,245.000,243.000,237.000
246,228.000,232.000,230.000,230.000,231.000,230.000,259.000,259.000,264.000,214.000
247,258.000,256.000,256.000,254.000,256.000,256.000,264.000,265.000,260.000,255.000
248,276.000,275.000,276.000,278.000,276.000,277.000,250.000,252.000,254.000,232.000
249,265.000,268.000,267.000,267.000,268.000,266.000,261.000,259.000,257.000,255.000
250,250.000,248.000,249.000,247.000,248.000,249.000,295.000,294.000,298.000,308.000
251,267.000,266.000,266.000,266.000,267.000,266.000,222.000,226.000,223.000,186.000
252,249.000,251.000,249.000,252.000,249.000,249.000,292.000,289.000,288.000,406.000
253,290.000,289.000,292.000,291.000,291.000,292.000,266.000,265.000,269.000,184.000
254,227.000,228.000,228.000,224.000,227.000,225.000,252.000,254.000,252.000,304.000
255,302.000,301.000,299.000,302.000,301.000,303.000,269.000,257.000,259.000,213.000
256,237.000,239.000,239.000,250.000,238.000,238.000,242.000,253.000,249.000,258.000
257,277.000,274.000,273.000,265.000,274.000,275.000,263.000,262.000,267.000,236.000
258,260.000,261.000,261.000,260.000,262.000,261.000,266.000,269.000,266.000,244.000
259,255.000,255.000,256.000,253.000,254.000,254.000,247.000,243.000,245.000,273.000
260,249.000,250.000,249.000,251.000,248.000,250.000,255.000,260.000,257.000,223.000
261,244.000,244.000,243.000,244.000,246.000,244.000,260.000,256.000,259.000,250.000
262,233.000,232.000,234.000,233.000,233.000,231.000,256.000,256.000,252.000,305.000
263,281.000,281.000,280.000,281.000,281.000,283.000,210.000,212.000,210.000,224.000
264,233.000,234.000,232.000,233.000,232.000,232.000,304.000,343.000,305.000,351.000
265,259.000,259.000,260.000,259.000,260.000,260.000,206.000,167.000,205.000,197.000
266,256.000,255.000,258.000,256.000,254.000,255.000,296.000,297.000,301.000,209.000
267,224.000,225.000,224.000,223.000,226.000,225.000,223.000,265.000,219.000,271.000
268,281.000,280.000,280.000,280.000,280.000,280.000,286.000,244.000,295.000,258.000
269,218.000,218.000,218.000,221.000,217.000,218.000,213.000,214.000,210.000,248.000
270,296.000,297.000,296.000,294.000,298.000,297.000,275.000,270.000,271.000,234.000
271,220.000,221.000,223.000,223.000,221.000,220.000,238.000,244.000,245.000,262.000
272,299.000,297.000,296.000,295.000,298.000,299.000,269.000,266.000,260.000,232.000
273,218.000,219.000,219.000,222.000,217.000,217.000,246.000,247.000,251.000,295.000
274,295.000,296.000,296.000,293.000,297.000,297.000,271.000,268.000,266.000,247.000
275,240.000,239.000,237.000,241.000,239.000,239.000,301.000,301.000,303.000,342.000
276,275.000,276.000,278.000,276.000,276.000,276.000,244.000,243.000,243.000,172.000
277,286.000,285.000,284.000,285.000,283.000,285.000,278.000,279.000,279.000,295.000
278,270.000,272.000,272.000,270.000,274.000,270.000,218.000,216.000,215.000,261.000
279,247.000,245.000,246.000,247.000,243.000,298.000,297.000,298.000,298.000,245.000
280,296.000,298.000,302.000,298.000,300.000,247.000,292.000,295.000,308.000,283.000
281,246.000,241.000,239.000,244.000,243.000,243.000,256.000,254.000,242.000,295.000
282,274.000,278.000,275.000,274.000,276.000,276.000,292.000,294.000,291.000,326.000
283,302.000,299.000,301.000,301.000,300.000,301.000,238.000,239.000,241.000,213.000
284,224.000,227.000,227.000,225.000,227.000,225.000,287.000,284.000,285.000,277.000
285,294.000,291.000,291.000,290.000,291.000,292.000,209.000,208.000,209.000,255.000
286,223.000,223.000,223.000,226.000,223.000,223.000,305.000,308.000,306.000,209.000
287,295.000,296.000,295.000,295.000,295.000,294.000,206.000,205.000,209.000,265.000
288,233.000,234.000,233.000,234.000,232.000,235.000,306.000,315.000,332.000,234.000
289,280.000,279.000,281.000,279.000,280.000,280.000,254.000,244.000,225.000,313.000
290,231.000,231.000,230.000,229.000,235.000,230.000,260.000,264.000,262.000,242.000
291,291.000,289.000,287.000,291.000,287.000,289.000,302.000,300.000,298.000,318.000
292,239.000,240.000,244.000,239.000,239.000,241.000,221.000,219.000,224.000,302.000
293,257.000,257.000,256.000,259.000,259.000,258.000,254.000,255.000,251.000,186.000
294,261.000,263.000,262.000,261.000,260.000,261.000,250.000,253.000,254.000,239.000
295,272.000,271.000,268.000,271.000,271.000,270.000,290.000,286.000,287.000,246.000
296,245.000,245.000,248.000,246.000,245.000,247.000,261.000,264.000,261.000,259.000
297,299.000,300.000,300.000,299.000,331.000,298.000,248.000,250.000,250.000,298.000
298,255.000,256.000,256.000,257.000,226.000,257.000,272.000,268.000,269.000,369.000
299,269.000,266.000,267.000,267.000,266.000,267.000,259.000,260.000,259.000,155.000
300,247.000,248.000,246.000,245.000,248.000,280.000,253.000,250.000,254.000,304.000
301,251.000,252.000,254.000,254.000,254.000,220.000,295.000,297.000,296.000,237.000
302,264.000,262.000,262.000,284.000,261.000,262.000,241.000,241.000,242.000,263.000
303,257.000,257.000,264.000,237.000,258.000,258.000,248.000,249.000,244.000,220.000
304,260.000,261.000,253.000,259.000,258.000,259.000,266.000,264.000,269.000,247.000
305,253.000,291.000,256.000,255.000,256.000,255.000,272.000,273.000,272.000,265.000
306,241.000,204.000,240.000,238.000,241.000,240.000,239.000,239.000,237.000,230.000
307,275.000,276.000,275.000,278.000,274.000,276.000,214.000,213.000,217.000,234.000
308,240.000,238.000,239.000,236.000,239.000,238.000,278.000,279.000,274.000,253.000
309,267.000,266.000,266.000,269.000,268.000,268.000,231.000,234.000,236.000,304.000
310,244.000,244.000,244.000,244.000,243.000,244.000,284.000,281.000,278.000,212.000
311,251.000,250.000,251.000,251.000,267.000,250.000,230.000,233.000,236.000,343.000
312,258.000,263.000,260.000,260.000,244.000,259.000,286.000,282.000,278.000,234.000
313,279.000,269.000,270.000,270.000,269.000,271.000,230.000,230.000,235.000,248.000
314,240.000,247.000,247.000,246.000,248.000,246.000,292.000,294.000,290.000,253.000
315,250.000,250.000,251.000,251.000,249.000,251.000,220.000,217.000,222.000,249.000
316,269.000,268.000,267.000,268.000,270.000,267.000,286.000,288.000,284.000,235.000
317,287.000,288.000,289.000,288.000,286.000,290.000,274.000,277.000,278.000,235.000
318,247.000,247.000,244.000,247.000,250.000,246.000,264.000,263.000,264.000,312.000
319,271.000,271.000,273.000,269.000,269.000,271.000,234.000,231.000,229.000,364.000
320,226.000,224.000,226.000,227.000,225.000,225.000,249.000,249.000,254.000,108.000
321,228.000,230.000,228.000,230.000,229.000,228.000,238.000,242.000,238.000,390.000
322,251.000,253.000,253.000,251.000,253.000,254.000,232.000,230.000,229.000,208.000
323,235.000,235.000,235.000,236.000,235.000,234.000,256.000,254.000,258.000,146.000
324,234.000,233.000,234.000,233.000,233.000,233.000,237.000,240.000,238.000,304.000
325,277.000,276.000,275.000,276.000,277.000,276.000,279.000,276.000,278.000,270.000
326,279.000,278.000,280.000,280.000,279.000,281.000,261.000,263.000,260.000,235.000
327,231.000,234.000,230.000,232.000,232.000,231.000,257.000,255.000,257.000,248.000
328,284.000,280.000,284.000,282.000,282.000,283.000,268.000,271.000,270.000,236.000
329,254.000,259.000,256.000,257.000,259.000,258.000,243.000,244.000,244.000,265.000
330,253.000,249.000,251.000,250.000,249.000,250.000,266.000,265.000,264.000,271.000
331,267.000,269.000,267.000,267.000,267.000,265.000,264.000,261.000,264.000,236.000
332,252.000,249.000,252.000,252.000,251.000,253.000,251.000,254.000,251.000,377.000
333,265.000,268.000,266.000,266.000,265.000,266.000,289.000,286.000,288.000,229.000
334,293.000,293.000,293.000,293.000,293.000,293.000,285.000,285.000,284.000,257.000
335,230.000,230.000,230.000,229.000,231.000,228.000,234.000,237.000,237.000,236.000
336,288.000,287.000,286.000,286.000,287.000,289.000,286.000,297.000,283.000,226.000
337,233.000,232.000,233.000,235.000,231.000,233.000,235.000,225.000,239.000,280.000
338,278.000,279.000,279.000,278.000,279.000,278.000,290.000,286.000,286.000,246.000
339,239.000,240.000,239.000,240.000,240.000,240.000,211.000,215.000,234.000,247.000
340,290.000,291.000,292.000,289.000,292.000,290.000,266.000,267.000,248.000,283.000
341,249.000,246.000,248.000,250.000,248.000,249.000,275.000,273.000,270.000,340.000
342,260.000,261.000,259.000,257.000,259.000,259.000,238.000,239.000,242.000,224.000
343,217.000,219.000,218.000,221.000,219.000,217.000,265.000,263.000,262.000,231.000
344,294.000,302.000,294.000,290.000,292.000,294.000,293.000,295.000,439.000,239.000
345,290.000,279.000,330.000,293.000,289.000,291.000,208.000,206.000,60.000,276.000
346,226.000,226.000,186.000,225.000,228.000,226.000,271.000,258.000,263.000,202.000
347,257.000,259.000,257.000,258.000,257.000,256.000,242.000,256.000,255.000,267.000
348,239.000,238.000,238.000,237.000,239.000,240.000,262.000,259.000,260.000,251.000
349,250.000,252.000,251.000,251.000,251.000,251.000,252.000,256.000,254.000,234.000
350,264.000,264.000,266.000,266.000,264.000,264.000,208.000,208.000,209.000,284.000
351,247.000,247.000,247.000,247.000,247.000,247.000,280.000,276.000,272.000,247.000
352,242.000,241.000,240.000,240.000,241.000,239.000,232.000,235.000,238.000,240.000
353,241.000,238.000,240.000,241.000,240.000,243.000,267.000,266.000,264.000,240.000
354,259.000,260.000,258.000,258.000,260.000,259.000,241.000,241.000,241.000,248.000
355,252.000,253.000,255.000,253.000,253.000,253.000,243.000,245.000,246.000,219.000
356,247.000,249.000,247.000,248.000,248.000,247.000,271.000,267.000,267.000,323.000
357,269.000,265.000,265.000,267.000,266.000,267.000,247.000,250.000,252.000,237.000
358,218.000,219.000,219.000,218.000,218.000,216.000,266.000,264.000,261.000,280.000
359,247.000,247.000,247.000,247.000,248.000,254.000,209.000,207.000,210.000,184.000
360,254.000,256.000,255.000,255.000,252.000,250.000,255.000,260.000,259.000,238.000
361,218.000,218.000,220.000,218.000,220.000,217.000,262.000,258.000,257.000,289.000
362,294.000,293.000,292.000,293.000,293.000,293.000,255.000,258.000,261.000,237.000
363,215.000,215.000,213.000,216.000,215.000,216.000,259.000,256.000,254.000,282.000
364,301.000,301.000,303.000,301.000,301.000,300.000,256.000,259.000,260.000,234.000
365,223.000,225.000,225.000,223.000,225.000,226.000,255.000,255.000,251.000,290.000
366,321.000,288.000,288.000,290.000,288.000,287.000,290.000,290.000,293.000,228.000
367,194.000,227.000,227.000,225.000,227.000,228.000,239.000,236.000,237.000,304.000
368,286.000,285.000,284.000,287.000,302.000,283.000,269.000,274.000,273.000,206.000
369,232.000,233.000,234.000,232.000,216.000,235.000,249.000,244.000,246.000,259.000
370,283.000,281.000,281.000,283.000,281.000,280.000,265.000,269.000,268.000,254.000
371,236.000,236.000,236.000,234.000,237.000,238.000,252.000,247.000,247.000,284.000
372,304.000,316.000,313.000,305.000,303.000,302.000,262.000,266.000,266.000,261.000
373,224.000,213.000,217.000,224.000,225.000,224.000,269.000,265.000,275.000,321.000
374,297.000,297.000,295.000,296.000,295.000,298.000,260.000,264.000,253.000,209.000
375,265.000,247.000,248.000,249.000,249.000,247.000,281.000,282.000,282.000,299.000
376,252.000,270.000,268.000,270.000,270.000,271.000,266.000,262.000,262.000,245.000
377,248.000,248.000,249.000,247.000,247.000,246.000,251.000,254.000,254.000,237.000
378,264.000,264.000,264.000,264.000,263.000,266.000,228.000,229.000,229.000,235.000
379,257.000,257.000,256.000,257.000,259.000,257.000,246.000,243.000,240.000,256.000
380,254.000,252.000,256.000,256.000,279.000,254.000,247.000,249.000,253.000,284.000
381,245.000,249.000,247.000,245.000,222.000,247.000,264.000,263.000,260.000,219.000
382,270.000,267.000,268.000,269.000,268.000,266.000,221.000,218.000,223.000,236.000
383,225.000,224.000,224.000,225.000,225.000,227.000,291.000,292.000,291.000,257.000
384,258.000,260.000,258.000,257.000,256.000,257.000,209.000,208.000,210.000,231.000
385,243.000,242.000,241.000,244.000,245.000,244.000,264.000,265.000,264.000,271.000
386,258.000,260.000,261.000,259.000,259.000,259.000,250.000,251.000,246.000,257.000
387,246.000,246.000,245.000,246.000,246.000,246.000,243.000,242.000,245.000,242.000
388,217.000,214.000,216.000,215.000,214.000,216.000,210.000,209.000,213.000,218.000
389,242.000,244.000,244.000,241.000,244.000,242.000,275.000,276.000,270.000,246.000
390,267.000,265.000,267.000,268.000,267.000,267.000,295.000,295.000,298.000,242.000
391,273.000,274.000,272.000,272.000,271.000,272.000,208.000,207.000,206.000,293.000
392,242.000,242.000,243.000,243.000,244.000,241.000,278.000,282.000,281.000,333.000
393,252.000,251.000,252.000,252.000,252.000,254.000,271.000,271.000,268.000,164.000
394,268.000,268.000,267.000,269.000,267.000,266.000,240.000,241.000,244.000,281.000
395,275.000,277.000,274.000,275.000,276.000,277.000,310.000,310.000,309.000,264.000
396,276.000,275.000,276.000,274.000,276.000,276.000,210.000,209.000,211.000,278.000
397,256.000,258.000,307.000,257.000,257.000,257.000,275.000,270.000,270.000,253.000
398,255.000,255.000,206.000,256.000,255.000,255.000,237.000,244.000,243.000,243.000
399,234.000,231.000,232.000,232.000,230.000,231.000,269.000,264.000,266.000,241.000
400,253.000,255.000,254.000,254.000,254.000,255.000,241.000,244.000,243.000,255.000
401,239.000,238.000,239.000,240.000,240.000,237.000,248.000,248.000,248.000,239.000
402,254.000,255.000,255.000,252.000,255.000,256.000,251.000,247.000,248.000,221.000
403,255.000,252.000,254.000,255.000,254.000,254.000,265.000,270.000,267.000,305.000
404,261.000,262.000,261.000,308.000,262.000,262.000,239.000,234.000,237.000,255.000
405,272.000,277.000,272.000,226.000,271.000,270.000,279.000,284.000,282.000,275.000
406,244.000,238.000,242.000,242.000,241.000,244.000,271.000,270.000,270.000,234.000
407,265.000,267.000,266.000,267.000,269.000,267.000,244.000,244.000,245.000,268.000
408,248.000,249.000,250.000,248.000,248.000,247.000,262.000,260.000,261.000,270.000
409,279.000,278.000,278.000,280.000,277.000,279.000,287.000,286.000,286.000,250.000
410,251.000,253.000,253.000,255.000,307.000,252.000,212.000,216.000,214.000,318.000
411,256.000,254.000,252.000,251.000,201.000,255.000,291.000,289.000,287.000,188.000
412,260.000,259.000,263.000,261.000,260.000,259.000,280.000,278.000,279.000,280.000
413,255.000,255.000,251.000,254.000,254.000,263.000,260.000,262.000,262.000,349.000
414,262.000,265.000,268.000,264.000,265.000,257.000,260.000,259.000,259.000,185.000
415,304.000,302.000,299.000,301.000,300.000,302.000,209.000,207.000,210.000,234.000
416,231.000,230.000,234.000,232.000,233.000,231.000,307.000,308.000,305.000,301.000
417,285.000,286.000,282.000,284.000,284.000,285.000,244.000,248.000,249.000,255.000
418,231.000,233.000,235.000,234.000,234.000,233.000,268.000,266.000,263.000,229.000
419,282.000,279.000,280.000,279.000,280.000,281.000,241.000,243.000,246.000,238.000
420,268.000,268.000,267.000,267.000,267.000,265.000,273.000,268.000,270.000,308.000
421,249.000,303.000,248.000,251.000,249.000,251.000,260.000,265.000,264.000,301.000
422,269.000,217.000,270.000,269.000,271.000,270.000,284.000,285.000,282.000,247.000
423,260.000,259.000,261.000,258.000,259.000,260.000,281.000,278.000,277.000,290.000
424,252.000,254.000,254.000,255.000,254.000,252.000,267.000,268.000,272.000,196.000
425,250.000,247.000,248.000,249.000,249.000,280.000,250.000,248.000,245.000,272.000
426,266.000,267.000,267.000,267.000,266.000,236.000,232.000,230.000,234.000,243.000
427,247.000,248.000,247.000,245.000,247.000,247.000,278.000,284.000,279.000,247.000
428,268.000,268.000,267.000,269.000,268.000,266.000,240.000,235.000,239.000,239.000
429,247.000,247.000,249.000,246.000,247.000,249.000,276.000,277.000,275.000,259.000
430,269.000,279.000,302.000,269.000,268.000,267.000,269.000,269.000,271.000,297.000
431,292.000,269.000,245.000,282.000,279.000,281.000,245.000,243.000,245.000,246.000
432,256.000,269.000,268.000,267.000,269.000,269.000,272.000,273.000,272.000,293.000
433,245.000,243.000,244.000,244.000,243.000,244.000,263.000,266.000,264.000,242.000
434,279.000,279.000,280.000,280.000,282.000,280.000,287.000,287.000,287.000,277.000
435,266.000,268.000,267.000,268.000,266.000,265.000,272.000,270.000,271.000,305.000
436,279.000,279.000,280.000,277.000,277.000,280.000,265.000,298.000,266.000,271.000
437,271.000,295.000,270.000,272.000,274.000,272.000,281.000,248.000,277.000,253.000
438,300.000,275.000,306.000,299.000,297.000,299.000,280.000,279.000,283.000,296.000
439,279.000,278.000,273.000,279.000,327.000,280.000,240.000,239.000,239.000,344.000
440,240.000,241.000,239.000,241.000,192.000,238.000,255.000,272.000,258.000,196.000
441,262.000,261.000,261.000,260.000,261.000,262.000,281.000,265.000,278.000,235.000
442,268.000,270.000,270.000,268.000,271.000,340.000,288.000,289.000,288.000,270.000
443,293.000,292.000,290.000,294.000,291.000,221.000,260.000,259.000,261.000,356.000
444,247.000,259.000,251.000,249.000,250.000,249.000,276.000,276.000,276.000,237.000
445,275.000,264.000,275.000,274.000,275.000,275.000,283.000,286.000,284.000,239.000
446,291.000,290.000,289.000,290.000,288.000,289.000,288.000,288.000,285.000,308.000
447,272.000,270.000,271.000,271.000,273.000,272.000,230.000,228.000,229.000,236.000
448,258.000,261.000,260.000,260.000,258.000,259.000,284.000,285.000,285.000,302.000
449,258.000,256.000,256.000,257.000,259.000,258.000,232.000,230.000,234.000,224.000
450,243.000,242.000,243.000,243.000,242.000,242.000,278.000,282.000,280.000,245.000
451,276.000,277.000,278.000,275.000,274.000,276.000,234.000,234.000,234.000,263.000
452,231.000,228.000,227.000,229.000,230.000,229.000,284.000,281.000,279.000,227.000
453,249.000,252.000,250.000,251.000,251.000,251.000,249.000,251.000,254.000,289.000
454,266.000,267.000,268.000,267.000,266.000,266.000,265.000,263.000,260.000,253.000
455,236.000,238.000,237.000,238.000,239.000,237.000,239.000,242.000,243.000,219.000
456,280.000,276.000,279.000,277.000,278.000,279.000,249.000,249.000,251.000,274.000
457,262.000,263.000,261.000,263.000,260.000,262.000,281.000,277.000,278.000,337.000
458,242.000,245.000,243.000,244.000,247.000,244.000,197.000,196.000,197.000,210.000
459,272.000,270.000,272.000,271.000,268.000,270.000,302.000,306.000,301.000,214.000
460,267.000,267.000,267.000,266.000,269.000,266.000,245.000,247.000,249.000,289.000
461,289.000,291.000,294.000,307.000,290.000,292.000,268.000,265.000,263.000,240.000
462,240.000,238.000,236.000,222.000,239.000,239.000,297.000,297.000,297.000,331.000
463,279.000,279.000,276.000,279.000,278.000,279.000,225.000,223.000,227.000,232.000
464,231.000,231.000,233.000,231.000,231.000,229.000,297.000,300.000,295.000,332.000
465,238.000,238.000,238.000,238.000,237.000,240.000,219.000,217.000,221.000,137.000
466,272.000,274.000,273.000,272.000,275.000,296.000,270.000,272.000,272.000,289.000
467,234.000,231.000,234.000,234.000,232.000,209.000,246.000,243.000,243.000,282.000
468,284.000,286.000,282.000,283.000,285.000,285.000,219.000,219.000,220.000,218.000
469,240.000,239.000,241.000,240.000,238.000,239.000,306.000,306.000,306.000,294.000
470,286.000,286.000,284.000,286.000,286.000,286.000,240.000,240.000,240.000,234.000
471,223.000,222.000,225.000,224.000,225.000,223.000,276.000,275.000,275.000,310.000
472,290.000,291.000,289.000,290.000,288.000,291.000,222.000,226.000,225.000,223.000
473,224.000,223.000,225.000,224.000,225.000,223.000,278.000,276.000,273.000,248.000
474,284.000,286.000,286.000,285.000,286.000,286.000,301.000,302.000,302.000,238.000
475,248.000,249.000,248.000,247.000,247.000,248.000,217.000,215.000,215.000,338.000
476,271.000,269.000,280.000,270.000,269.000,269.000,300.000,303.000,302.000,182.000
477,254.000,253.000,244.000,255.000,255.000,255.000,206.000,206.000,205.000,295.000
478,258.000,259.000,257.000,257.000,257.000,255.000,293.000,289.000,296.000,215.000
479,240.000,241.000,239.000,242.000,242.000,243.000,218.000,220.000,215.000,242.000
480,224.000,222.000,225.000,223.000,223.000,224.000,260.000,259.000,263.000,230.000
481,258.000,260.000,259.000,258.000,259.000,257.000,190.000,193.000,193.000,232.000
482,242.000,241.000,239.000,242.000,241.000,242.000,282.000,281.000,277.000,254.000
483,273.000,271.000,274.000,272.000,273.000,273.000,250.000,250.000,251.000,280.000
484,286.000,289.000,318.000,288.000,286.000,287.000,265.000,264.000,262.000,345.000
485,233.000,234.000,204.000,233.000,235.000,234.000,305.000,305.000,309.000,210.000
486,284.000,295.000,281.000,283.000,283.000,283.000,281.000,280.000,279.000,249.000
487,271.000,258.000,272.000,271.000,270.000,269.000,226.000,226.000,228.000,351.000
488,243.000,243.000,243.000,243.000,242.000,245.000,260.000,263.000,262.000,161.000
489,245.000,246.000,246.000,247.000,248.000,246.000,278.000,276.000,274.000,252.000
490,275.000,275.000,275.000,274.000,273.000,274.000,268.000,270.000,271.000,252.000
491,282.000,282.000,282.000,280.000,283.000,282.000,231.000,230.000,228.000,278.000
492,233.000,231.000,232.000,234.000,231.000,233.000,289.000,290.000,293.000,254.000
493,283.000,285.000,284.000,282.000,285.000,283.000,233.000,230.000,231.000,299.000
494,269.000,268.000,268.000,270.000,267.000,268.000,284.000,288.000,285.000,333.000
495,246.000,245.000,245.000,244.000,247.000,246.000,279.000,277.000,275.000,167.000
496,255.000,257.000,257.000,256.000,256.000,256.000,245.000,244.000,248.000,389.000
497,274.000,274.000,274.000,275.000,272.000,273.000,267.000,268.000,266.000,138.000
498,250.000,251.000,249.000,251.000,252.000,251.000,233.000,233.000,232.000,309.000
499,285.000,283.000,284.000,284.000,284.000,285.000,280.000,279.000,279.000,225.000
500,252.000,254.000,255.000,253.000,254.000,253.000,257.000,260.000,261.000,330.000
501,241.000,240.000,240.000,239.000,240.000,240.000,237.000,236.000,239.000,218.000
502,255.000,252.000,251.000,252.000,252.000,252.000,256.000,255.000,250.000,201.000
503,261.000,263.000,264.000,265.000,263.000,262.000,244.000,242.000,246.000,276.000
504,238.000,237.000,238.000,238.000,238.000,240.000,283.000,286.000,286.000,248.000
505,257.000,260.000,259.000,259.000,259.000,258.000,272.000,270.000,270.000,234.000
506,255.000,253.000,254.000,252.000,254.000,254.000,196.000,196.000,198.000,254.000
507,222.000,222.000,221.000,223.000,222.000,220.000,265.000,266.000,260.000,233.000
508,291.000,293.000,293.000,293.000,291.000,294.000,218.000,220.000,222.000,270.000
509,251.000,249.000,249.000,249.000,249.000,250.000,296.000,295.000,294.000,320.000
510,267.000,268.000,266.000,268.000,269.000,267.000,264.000,269.000,267.000,207.000
511,247.000,247.000,246.000,246.000,247.000,247.000,254.000,248.000,249.000,329.000
512,301.000,273.000,274.000,274.000,273.000,273.000,303.000,303.000,307.000,193.000
513,257.000,283.000,287.000,286.000,285.000,285.000,292.000,293.000,292.000,297.000
514,229.000,228.000,226.000,227.000,228.000,228.000,204.000,204.000,206.000,301.000
515,271.000,275.000,275.000,274.000,274.000,274.000,235.000,233.000,230.000,189.000
516,243.000,243.000,244.000,242.000,243.000,243.000,305.000,304.000,388.000,285.000
517,305.000,302.000,303.000,303.000,302.000,301.000,300.000,311.000,221.000,260.000
518,228.000,226.000,226.000,226.000,227.000,228.000,223.000,215.000,220.000,297.000
519,269.000,273.000,269.000,271.000,271.000,271.000,249.000,248.000,247.000,199.000
520,235.000,234.000,236.000,233.000,234.000,234.000,263.000,261.000,266.000,258.000
521,301.000,301.000,300.000,303.000,302.000,356.000,257.000,255.000,255.000,301.000
522,256.000,256.000,258.000,256.000,255.000,200.000,243.000,249.000,248.000,248.000
523,245.000,245.000,244.000,243.000,246.000,245.000,269.000,267.000,264.000,232.000
524,266.000,265.000,266.000,267.000,266.000,268.000,256.000,256.000,256.000,
525,,,,,,,,,,
